Kysymys;Vastaus
Kuinka ilmoittaudun läsnäolevaksi opiskelijaksi;Läsnäolevaksi voit ilmoittautua oman koulusi Peppi järjestelmästä. Lisätietoa ilmoittautumisesta ja muista asioista löytyy Haaga-Helian nettisivuilta osoitteesta https://www.haaga-helia.fi/fi/tyokalut-ja-lomakkeet/lasna-ja-poissaoloilmoittautuminen .
 Miten pääsen käsiksi opiskelijaportaaliin (esim. Peppi, Tuudo);Opiskelijaportaaliin, kuten Peppi tai Tuudo, pääsee käyttämällä koulun antamia kirjautumistietoja ja tunnuksia. Lisätietoa tunnuksista voi kysyä Haaga-helian helpdeskistä.
 Mistä saan opiskelijakortin ja mitä etuja se tarjoaa;Opiskelijakortin voi tilata esimerkiksi Frank-sovelluksen kautta, joka nykyään on suurimmaksi osaksi sähköinen. Kortilla saa alennuksia opiskelijaravintoloissa, matkustamisessa ja useissa palveluissa. Kansainvalin opiskelijakortti on ISIC niminen sovellus ja siihen tunnukset voi saada esim. Frankista.
 Mitä alkuorientaatiossa tapahtuu;Alkuorientaatiossa tutustutaan koulun käytäntöihin, henkilökuntaan, opintojärjestelmiin sekä muihin opiskelijoihin. Saat tietoa opiskeluun liittyvistä tärkeistä asioista.
 Mitä tehdä, jos myöhästyn opiskelupaikan vastaanottamisesta;Lähtökohtaisesti opiskelupaikan menettää ja tilaisuus siirtyy seuravalle jonossa. Lisätietoa kannattaa kysyä opintopolulta.
 Mitä dokumentteja tarvitsen opintojen alussa;Orientaatio viikoilla useinmiten virkeänä paikanpäälle tuleminen riittää ensimmäisenä päivänä. Samalla paikan päällä olevat tutorit ohjeistavat jatkopäivistä, kuin virallisesta ja ns. Epävirallisesta osiosta.
 Kuinka aktivoin koulun sähköpostitilin;
 Kuinka pääsen koulun verkkoyhteyksiin;Haaga-Heliassa koulun verkkoyhteyteen pääsee omilla koulutunnuksilla. Etäyhteys koulun palvelimille toimii VDIn kautta.
 Miten valitsen tai vaihdan opintojaksot;
 Kuinka löydän kampuksen kartan tai tilojen sijainnit;Yksi yleisimmistä tavoista on Tuudo sovelluksen käyttö.
 Opetukseen ja opintosuorituksiin liittyvät aiheet Miten opintopisteet kertyvät;
 Mitä ovat läsnäolopakolliset tunnit;Haaga-Helian linjauksen mukaan paikallaolo koskee vähintään 50% paikallaoloa kursseilla. Mikäli paikalla olo kurssilla on alle 75% kurssinarvosana tippuu 1 alaspäin.
 Kuinka voin suorittaa opintoja itsenäisesti;
 Mitä tehdä, jos en pääse tenttiin;Haaga-Helian tutkisäännön mukaan uusin mahdollisuuksia voi yrittää 2 kertaa, jonka jälkeen kurssi on hylätty.
 Miten suoritetaan verkkokurssi;
 Kuinka paljon voin saada hyväksilukuja aiemmista opinnoistani;
 Mitä tehdä, jos reputan kurssin;
 Kuinka valitsen sivuaineita;
 Mitä ovat vapaasti valittavat opinnot;
 Miten teen henkilökohtaisen opintosuunnitelman (HOPS);
 Arjen käytännöt Mistä löydän edullisen opiskelija-asunnon;
 Kuinka opiskelijaruokailu toimii;
 Mistä löydän sopivia opiskelijaravintoloita;
 Miten haen opintotukea tai asumistukea;
 Kuinka suunnittelen talouteni opintojen aikana;
 Mitä teen, jos opiskelijaetuudet eivät aktivoidu;
 Onko kampuksella hiljaisia tiloja opiskeluun;
 Kuinka vuokraan tai lainaan opiskeluvälineitä (esim. kirjoja, laitteita);
 Mitä liikuntamahdollisuuksia kampus tarjoaa;
 Kuinka otan käyttöön opiskelijaterveydenhuollon palvelut (YTHS);Palvelut ovat automaattisesti käytössä suorittamalla pakollisen Kelan lukukausi maksun. Maksu on usein noin 35 euron hintainen, johon sisältyy YTHS palvelut. Kela ei erikseen ilmoita lukukausimaksusta, ja tämä vaatii itsenäistä aloitetta. Lisätietoa löytyy kelan nettisivuilta.
 Sosiaalinen elämä ja verkostoituminen Kuinka pääsen mukaan opiskelijayhdistykseen tai ainejärjestöön;
 Mitä ovat opiskelijabileet ja approt;Opiskelijabileitä on useita erilaisia, kuten approt, sitsit, vujut jne. Nykyään kaikki opiskelijatapahtumat löytyvät KIDE appistä missä on myös oman koulun ainejärjestön tapahtumia ja tietoa tulevista tapahtumista.
 Kuinka järjestetään opiskelijaryhmän ensimmäinen tapaaminen;
 Miten pidän yhteyttä muihin opiskelijoihin;
 Mitä ovat tutorit ja mitä he tekevät;
 Kuinka luon uusia ystävyyssuhteita opintojen alussa;
 Mitä tapahtumia opiskelijakunta järjestää;
 Miten voin osallistua vapaaehtoistyöhön opiskelujen ohessa;
 Kuinka opin yhteisöllisyyttä ja ryhmätyötaitoja;
 Miten löydän mentorin opintojen aikana;
 Hyvinvointi ja itsensä kehittäminen Kuinka hallitsen stressiä opiskelujen aikana;
 Mistä saan apua, jos koen opintojen olevan liian raskaita;
 Miten ylläpidän terveellisiä elämäntapoja opiskeluarjessa;
 Kuinka järjestän päiväni tehokkaasti;
 Mitä teen, jos tarvitsen psykologista tukea;
 Kuinka kehittää opiskelutaitoja, kuten muistiinpanojen tekemistä;
 Kuinka löytää tasapaino työn ja opiskelun välillä;
 Mitä tehdä, jos tunnen itseni yksinäiseksi;
 Miten voin parantaa keskittymiskykyäni;
 Miten voin hyödyntää kampuksen liikuntapalveluita;
 Työelämä ja harjoittelu Miten löydän harjoittelupaikan;
 Kuinka kirjoitan hyvän CV:n ja työhakemuksen;
 Kuinka yhdistää työt ja opiskelu;
 Mitä ovat opiskelijaprojektit ja miten niitä tehdään;
 Kuinka voin verkostoitua alani ammattilaisten kanssa;
 Mitä ovat alumnit ja miten heihin voi olla yhteydessä;
 Kuinka kehittää esiintymistaitoja opintojen aikana;
 Miten osallistun työelämätapahtumiin (esim. rekrymessut);
 Mitä teen, jos harjoittelupaikkaan liittyy ongelmia;
 Kuinka haen osa-aikatyötä opiskelujen ohella;
 Opiskeluteknologiat ja digitaaliset työkalut Kuinka käyttää Moodlea tai muuta oppimisympäristöä;
 Mitä ohjelmistoja tarvitsen opinnoissani;
 Kuinka palautan tehtäviä sähköisesti;
 Miten käytän kampuksen tulostuspalveluja;
 Kuinka voin osallistua verkkotunneille;
 Mitä tehdä, jos en osaa käyttää jotain teknologiaa;
 Mitä tehdä, jos laitteeni ei toimi;
 Kuinka hyödyntää pilvipalveluita (esim. Google Drive);
 Miten varmuuskopioin koulutyöni;
 Mitä työkaluja on tarjolla ryhmätyöskentelyyn;
 Kansainvälisyys ja vaihto-opiskelu Kuinka haen vaihtoon ulkomaille;
 Mitä apurahoja on tarjolla vaihtoon lähteville;
 Kuinka valmistaudun vaihto-opiskeluun;
 Mitä kulttuurieroja tulisi huomioida vaihdossa;
 Kuinka tapaan kansainvälisiä opiskelijoita;
 Mitä kielikursseja koulu tarjoaa;
 Mitä tehdä, jos ulkomaan opinnot eivät hyväksilueta;
 Kuinka osallistua kansainvälisiin projekteihin;
 Mitä tehdä, jos ulkomailla tulee ongelmia;
 Mitä etuja vaihto-opiskelu tuo uralle;
 Haasteet ja ongelmatilanteet Mitä tehdä, jos koen syrjintää tai häirintää;
 Kuinka keskustelen opettajan kanssa ongelmatilanteesta;
 Miten saan anteeksiannon opinnoissani;
 Mitä teen, jos kadotan opiskelijakorttini;
 Kuinka hallitsen perhe-elämän ja opiskelun yhdistämisen;
 Mitä tehdä, jos en saa tarpeeksi opintopisteitä valmistuakseni ajoissa;
 Kuinka teen reklamaation kurssista tai sen arvostelusta;
 Mitä teen, jos unohdan tunnukset opiskelijaportaaliin;
 Mitä teen, jos opinnot eivät enää kiinnosta;
 Kuinka otan tauon opinnoista;
 Valmistuminen ja jatkosuunnitelmat Kuinka suunnittelen opinnäytetyön;
 Mitä ovat valmistumisen edellytykset;
 Kuinka haen valmistumistodistusta;
 Miten voin jatkaa opintoja (esim. YAMK-tutkinto);
 Kuinka päivitän LinkedIn-profiiliani valmistumisen jälkeen;
 Mitä valmistujaisjuhlia järjestetään;
 Miten osallistua alumnitoimintaan valmistumisen jälkeen;
 Mitä teen, jos en saa heti töitä valmistumisen jälkeen;
 Kuinka voin parantaa työllistymismahdollisuuksiani;
 Mitä eroja on korkeakoulututkinnoilla eri maissa;
Kuinka saan opiskelutodistuksen esimerkiksi matkakorttia varten?;
Mitä teen, jos opiskelijaportaali ei toimi?;
Miten voin peruuttaa ilmoittautumisen kurssille?;
Kuinka ilmoittaudun uudelleen opiskelijaksi keskeytyksen jälkeen?;
Mitä tehdä, jos en saa opintotodistusta ajoissa?;
Kuinka pääsen käsiksi vanhoihin opintosuoritusotteisiin?;
Miten vaihtaa pääaine tai suuntautuminen?;
Voinko osallistua kursseille muilta kampuksilta?;
Kuinka teen opiskelijakortin uusimisen?;
Mitä tehdä, jos opintoni viivästyvät käytännön syistä?;
Kuinka kurssin sisältö eroaa käytännön ja teoriapainotteisilla linjoilla?;
Miten arviointikriteerit määräytyvät?;
Kuinka voin keskustella opettajan kanssa kurssin sisällöstä?;
Miten saan palautetta esseestä tai projektista?;
Kuinka teen korvaavan tehtävän, jos olen poissa opetuksesta?;
Voinko uusia tentin ja millä aikataululla?;
Mitä tehdä, jos kurssin opetusmateriaali ei vastaa tarpeitani?;
Kuinka teen yhteistyötä muiden opiskelijoiden kanssa ryhmätöissä?;
Mitä tehdä, jos en ymmärrä kurssin sisältöä?;
Kuinka palautan myöhässä olevan tehtävän?;
Kuinka löydän kimppakämpän opiskelutovereideni kanssa?;
Mitä tukipalveluita on saatavilla opiskelijoille talousongelmissa?;
Kuinka voin hakea erityisjärjestelyjä asumiseen?;
Miten varaan opiskeluajan kirjaston ryhmätiloista?;
Kuinka ilmoitan asuntolaan liittyvistä ongelmista?;
Mitä tehdä, jos opiskelijaruokalan ruoka ei sovi erityisruokavaliooni?;
Kuinka voin vuokrata pyörän tai auton kampuksella liikkumiseen?;
Mitä tehdä, jos menen vaihtoon ja asuntoni vapautuu?;
Mistä löydän opiskelijoille sopivia vapaa-ajan aktiviteetteja?;
Kuinka voin ilmoittautua opiskelijoille suunnattuihin kursseihin, kuten ensiapukoulutukseen?;
Kuinka voin osallistua opiskelijatoimintaan ilman aiempaa kokemusta?;
Miten löydän opiskelijoiden keskusteluryhmiä tai foorumeita?;
Mitä tehdä, jos en tunne kuuluvani opiskelijayhteisöön?;
Kuinka osallistua eri kampuksilla järjestettäviin tapahtumiin?;
Miten voin aloittaa harrastuksen opintojen ohessa?;
Kuinka tapaan kansainvälisiä opiskelijoita ja opin kieliä?;
Mitä tehdä, jos tunnen oloni ulkopuoliseksi ryhmässä?;
Miten järjestää oma tapahtuma opiskelijoille?;
Kuinka pääsen osaksi opiskelijakunnan hallitusta?;
Mitä tehdä, jos haluan osallistua useampaan ainejärjestöön?;
Kuinka suunnitella aikataulut niin, että aikaa jää myös vapaa-ajalle?;
Miten opin tehokkaita opiskelutekniikoita?;
Kuinka hyödyntää mindfulnessia opiskelustressin vähentämiseksi?;
Mitä tehdä, jos huomaan uupumisen merkkejä itsessäni?;
Miten voin kehittää itseohjautuvuuttani opinnoissa?;
Kuinka löytää vertaistukea opiskelijaelämän haasteisiin?;
Mitä tehdä, jos joudun opintojen aikana sairauslomalle?;
Miten voin käyttää kampuksen ohjauspalveluita stressinhallintaan?;
Kuinka hyödyntää vapaaehtoistyötä oman hyvinvoinnin tueksi?;
Mitä tehdä, jos opiskelu alkaa tuntua liian monotoniselta?;
Kuinka valmistaudun harjoittelun haastatteluun?;
Mitä tehdä, jos en löydä alani harjoittelupaikkaa?;
Miten yhdistän harjoittelun ja muut opinnot?;
Kuinka pyytää suosituksia opettajilta tai harjoittelupaikasta?;
Mitä tehdä, jos harjoittelu ei vastaa oppimistavoitteitani?;
Miten voin osallistua alani tapahtumiin opiskelijana?;
Kuinka kehittää portfoliotani opinnoissa tehtyjen projektien avulla?;
Mitä tehdä, jos en saa harjoittelun jälkeen töitä?;
Kuinka voin hyödyntää työelämän kontaktit opinnäytetyössäni?;
Mitä ovat alan verkostoitumistapahtumat ja miten niihin ilmoittaudutaan?;
Kuinka käyttää uusia tekoälytyökaluja opinnoissa?;
Miten varaan opiskelijan käyttöön tarkoitetun teknologialuokan?;
Mitä teen, jos Moodle ei hyväksy tiedostomuotoa?;
Kuinka voin hyödyntää kampuksen teknisiä työpajoja?;
Mitä tietokoneohjelmistoja voin ladata ilmaiseksi opiskelijana?;
Kuinka saada tukea teknologian käytössä kampuksella?;
Mitä tehdä, jos ryhmätyövälineet eivät toimi kunnolla?;
Miten voin hyödyntää analytiikkatyökaluja opintoprojekteissa?;
Kuinka otan käyttöön sähköisen allekirjoituksen opintotöissä?;
Miten voin saada koululta lisenssin maksullisiin ohjelmiin?;
Miten kirjoitan hyvän motivaatiokirjeen vaihtoa varten?;
Kuinka haen vaihto-opiskelun rinnalla työharjoittelupaikkaa?;
Mitä eroja on vaihtokohteiden välillä?;
Kuinka valita oikea kurssi vaihto-opiskeluun?;
Mitä vakuutuksia tarvitsen vaihto-opiskelua varten?;
Kuinka pääsen mukaan Erasmus+-ohjelmaan?;
Mitä tehdä, jos vaihto-opiskelun aikana tulee kielimuuri vastaan?;
Miten pidän yhteyttä kotimaahan vaihto-opiskelun aikana?;
Kuinka teen vaihtoon liittyvät taloussuunnitelmat?;
Mitä tehdä, jos vaihto-opiskelu ei täytä odotuksiani?;
Mitä tehdä, jos tunnen jääväni opinnoissa jälkeen?;
Kuinka käsitellä opiskelijan ja opettajan välisiä erimielisyyksiä?;
Miten valitan opintosuorituksen arvostelusta?;
Mitä tehdä, jos opinnoissa tulee välivuosi ilman omaa päätöstä?;
Kuinka selvitä ristiriidoista ryhmätyössä?;
Miten voin palata opintoihin pitkän tauon jälkeen?;
Mitä tehdä, jos opinnot eivät vastaa odotuksiani?;
Kuinka toimia, jos koulun laitteisto ei toimi kunnolla?;
Mitä teen, jos tunnen painostusta valmistua nopeammin?;
Kuinka saada tukea mielenterveysongelmiin opintojen aikana?;
Kuinka saan opinto-oikeuden pidentämisen, jos en valmistu ajallaan?;
Miten varmistan, että kaikki ilmoittautumiseni ovat oikein rekisterissä?;
Kuinka pyydän hyväksilukua työkokemukseni perusteella?;
Mitä tehdä, jos en löydä oikeita tietoja koulun sivuilta?;
Voinko vaihtaa opiskelupaikan toiseen AMK:hon kesken opintojen?;
Miten saan apua, jos en ymmärrä koulun hallinnollisia prosesseja?;
Mitä tehdä, jos en saa opiskelijan sähköpostiin viestejä?;
Kuinka saan kopion koulun turvallisuusohjeista?;
Voinko käyttää koulun tiloja myös viikonloppuisin?;
Miten haen paikkaa opintojen kesäajaksi?;
Mitä tehdä, jos kurssin aikataulu muuttuu yllättäen?;
Miten arvioin, kannattaako minun jatkaa jotain valinnaista kurssia?;
Kuinka haen erivapautta tiettyyn opintojaksoon?;
Mitä teen, jos koen kurssin oppimistavoitteet epäselviksi?;
Voinko vaihtaa opettajaa kesken kurssin?;
Kuinka voin arvioida omia oppimistuloksiani?;
Mitä tehdä, jos huomaan plagiointia ryhmätyössä?;
Kuinka voin saada lisää harjoitustehtäviä tenttiin valmistautumista varten?;
Voinko käyttää ulkopuolista konsulttia opinnäytetyössä?;
Miten seurataan osallistumistani verkkokursseille?;
Miten pääsen mukaan kimppakyytiryhmiin kampuksen alueella?;
Kuinka löydän vertaisopiskelijan tai tutorin itselleni?;
Mistä saan alennuksia liikenteen tai matkustamisen osalta?;
Voinko käyttää koulun pesulapalveluita?;
Kuinka voin jakaa kämppäkustannukset muiden opiskelijoiden kanssa?;
Mistä saan tietoa alueen opiskelijaystävällisistä liikkeistä?;
Kuinka järjestää opiskelijabileet sääntöjen mukaisesti?;
Miten voin liittyä opiskelijoiden ruoanvaihtorinkiin?;
Voinko hyödyntää koulun sähköisiä kirjoja tai kirjastoja myös valmistumisen jälkeen?;
Kuinka voin vaihtaa opiskelija-asuntoni toiseen kampukselle lähempään sijaintiin?;
Kuinka voin edistää yhteisöllisyyttä opiskelijaryhmässäni?;
Miten voin osallistua opiskelijoiden urheilujoukkueisiin?;
Kuinka voin aloittaa oman kerhon tai harrasteryhmän?;
Mitä tehdä, jos tunnen itseni syrjityksi opiskelijayhteisössä?;
Kuinka pääsen tutustumaan eri opintosuuntien opiskelijoihin?;
Miten rakennan kontakteja muiden kampusten opiskelijoihin?;
Mitä verkostoitumistyökaluja voin käyttää opinnoissani?;
Kuinka voin parantaa yhteistyötäni ryhmätöissä?;
Mitä hyötyä on osallistua opiskelijakunnan kokouksiin?;
Voinko liittyä alumnien tapahtumiin jo opiskeluaikana?;
Mitä teen, jos opiskelumotivaatio laskee dramaattisesti?;
Kuinka löydän tasapainon opiskelun, työn ja perhe-elämän välillä?;
Mitä tehdä, jos en osaa asettaa tavoitteita opinnoilleni?;
Kuinka voin oppia hallitsemaan suorituspaineita?;
Miten voin parantaa omaa luovuuttani opiskelussa?;
Mitä palveluja tarjotaan fyysisen hyvinvoinnin tukemiseksi?;
Kuinka voin tunnistaa ja käsitellä oppimisen esteitä?;
Mitä tehdä, jos huomaan ylikuormittuvani opiskelijoiden projekteista?;
Kuinka saada vertaistukea hyvinvointiin liittyvissä asioissa?;
Mitä tehdä, jos koen olevani epävarma omista taidoistani?;
Mitä hyötyä on osallistua yritysten työpajoihin?;
Kuinka löydän mentorin alaltani?;
Mitä tehdä, jos en ymmärrä harjoittelun oppimistavoitteita?;
Voinko suorittaa harjoittelun ulkomailla ilman vaihtoon lähtemistä?;
Miten luoda oma verkosto työelämäkontaktien löytämiseksi?;
Kuinka voin hyödyntää LinkedIniä opiskeluprojekteissa?;
Mitä tehdä, jos en tiedä, minkä alan harjoitteluun suuntautua?;
Voinko hakea useampaan harjoittelupaikkaan samanaikaisesti?;
Kuinka pyydän palautetta harjoittelupaikan ohjaajalta?;
Miten rakentaa hyvä portfolio projekteista valmistumista varten?;
Kuinka voin saada IT-tukea viikonloppuisin?;
Voinko käyttää koulun 3D-tulostuspalveluita opiskelutöissä?;
Mitä tehdä, jos opiskelutietokoneeni varastetaan tai hajoaa?;
Kuinka hyödyntää ohjelmointikursseilla koulun tarjoamia työkaluja?;
Voinko käyttää koulun digityökaluja myös freelance-työssä?;
Kuinka pääsen mukaan opiskelijoiden teknologiakursseille, jotka eivät kuulu ohjelmaani?;
Miten saan lisenssin oppimisohjelmistojen kotikäyttöön?;
Kuinka otan käyttöön koulun tarjoamat analytiikkatyökalut?;
Mitä tehdä, jos verkkokurssin tekniset vaatimukset eivät täyty laitteillani?;
Kuinka voin tehdä yhteistyötä kansainvälisten opiskelijoiden kanssa etätyökalujen avulla?;
Kuinka haen kaksoistutkinto-ohjelmaan ulkomaille?;
Miten voin käyttää Erasmus-ohjelman palveluja?;
Kuinka valmistautua eri maiden kielitesteihin vaihtoa varten?;
Miten löydän kansainvälisiä työharjoittelupaikkoja?;
Mitä tehdä, jos vaihtokohteen majoitusvaihtoehdot ovat liian kalliita?;
Kuinka voin osallistua kansainvälisiin kilpailuihin tai hackathoneihin?;
Mitä erityisjärjestelyjä tarvitaan, jos haluan viedä perheeni vaihtoon mukaan?;
Voinko suorittaa vain osan vaihto-opiskelusta ulkomailla?;
Miten raportoin vaihto-opiskelun aikana ilmenneistä ongelmista?;
Mitä tehdä, jos haluan jatkaa vaihtokohteessa töiden parissa?;
Kuinka toimia, jos en tiedä, mihin opintosuoritukseni kirjautuvat?;
Mitä tehdä, jos joudun keskeyttämään opiskeluni yllättävän kriisin vuoksi?;
Kuinka pyytää uudelleen arviointia kurssin tehtävästä?;
Mitä tehdä, jos en saa selkeitä ohjeita opinnäytetyöhöni?;
Kuinka hallita opiskelun ja perhe-elämän ristiriitoja?;
Mitä tehdä, jos kampuksen turvallisuus ei tunnu riittävältä?;
Kuinka edistää kurssimuutosten parempaa tiedottamista?;
Mitä tehdä, jos ryhmätöissä esiintyy jatkuvaa konfliktia?;
Miten edetä, jos en löydä sopivaa opinnäytetyön ohjaajaa?;
Kuinka selviytyä, jos opinnot vievät enemmän aikaa kuin arvioitu?;
Miten voin suunnitella valmistujaispuheeni opiskelijakunnan edustajana?;
Kuinka haen lisätietoa YAMK-opinnoista muissa maissa?;
Mitä tehdä, jos opinnäytetyöni palautuspäivämäärä lähestyy enkä ole valmis?;
Kuinka voin hyödyntää opinnäytetyöni tuloksia yritysprojekteissa?;
Mitä tehdä, jos en saa työpaikkaa valmistumisen jälkeen?;
Kuinka osallistua alumniverkoston mentorointiohjelmaan?;
Mitä tehdä, jos valmistumisen jälkeinen työnhaku tuntuu haastavalta?;
Kuinka suunnittelen itselleni jatkokoulutusvaihtoehtoja?;
Miten voin auttaa tulevia opiskelijoita jakamalla omia kokemuksiani?;
Mitä tehdä, jos haluan vaihtaa alaa valmistumisen jälkeen?;
Kuinka varmistan, että kaikki opintoni rekisteröityvät oikein?;
Miten saan tietää, mitä tapahtuu, jos en suorita ensimmäisen vuoden kursseja?;
Voinko ilmoittautua opintoihin osittain etänä?;
Mitä tehdä, jos en pääse alkuorientaatioon ollenkaan?;
Voiko opiskelijan sähköpostin linkittää omaan henkilökohtaiseen sähköpostiin?;
Mitä tehdä, jos en löydä opintojeni tavoitteisiin liittyvää dokumentaatiota?;
Kuinka voin ilmoittaa esteettömyystarpeistani koululle?;
Miten saan selville, mitkä kurssit ovat ennakkoedellytyksiä toisille?;
Voinko opiskella osan opinnoistani eri kampuksella?;
Mitä tapahtuu, jos keskeytän opintoni, mutta haluan jatkaa myöhemmin?;
Kuinka paljon vapaavalintaisia opintoja voin ottaa?;
Voinko osallistua kursseille, jotka eivät kuulu omaan koulutusohjelmaani?;
Miten saan opettajan antamaan lisäohjeita tehtävään?;
Kuinka edistää yhteistyötä ryhmätyössä, jos jäsenten aikataulut eivät kohtaa?;
Mitä tehdä, jos kurssin sisältö ei vastaa kurssikuvausta?;
Voinko käyttää aiempia opinnäytetöitä mallina omassani?;
Kuinka voin pyytää lisäaikaa projektityön palautukseen?;
Mitä tehdä, jos tenttikysymykset poikkeavat opintomateriaalista?;
Kuinka voin esittää ehdotuksia kurssin parantamiseksi?;
Mitä teen, jos olen tyytymätön kurssin arviointiin, mutta en halua reklamoida?;
Kuinka löydän alueen parhaita opiskelijatarjouksia?;
Voinko käyttää kampuksen tiloja myös iltaisin?;
Miten voin varata kampuksen urheilutiloja yksityiskäyttöön?;
Kuinka järjestää itselleni viikoittainen opiskelurutiini?;
Mistä löydän paikallisia ilmaisia tai edullisia tapahtumia opiskelijoille?;
Mitä tehdä, jos opiskelijaruokailun hinnat nousevat liian korkeiksi?;
Voinko käyttää kampuksen siivous- tai kunnossapitopalveluja opiskelijana?;
Kuinka saan käyttöön edullisia opiskelijamatkoja kotimaassa?;
Miten voin löytää parhaan nettiyhteyden opiskelija-asuntoon?;
Mitä tehdä, jos opiskelijayhteisön asuntopalvelu ei vastaa tarpeisiini?;
Kuinka voin liittyä paikallisiin vapaaehtoistyöverkostoihin?;
Mitä tehdä, jos haluan perustaa oman opiskelijatoiminnan projektin?;
Kuinka järjestän itselleni mentorointisuhteen kokeneemman opiskelijan kanssa?;
Mitä tehdä, jos opiskelutovereideni näkemykset eroavat omistani ryhmätöissä?;
Kuinka voin löytää kansainvälisiä ystäviä opiskelujeni tueksi?;
Voinko osallistua kampuksen järjestämiin liikuntakilpailuihin?;
Miten päästä mukaan opiskelijakunnan päätöksentekoon?;
Kuinka verkostoitua yritysten kanssa opiskelijatapahtumissa?;
Mitä tehdä, jos opiskelijabileet häiritsevät opintojani?;
Kuinka osallistua opiskelijoiden järjestämään hyväntekeväisyystoimintaan?;
Miten voin tasapainottaa opintoja ja omaa vapaa-aikaani?;
Kuinka hyödyntää luovia menetelmiä opinnoissa ja palautumisen tukemisessa?;
Mitä tehdä, jos opiskelija-asunto on liian meluisa opiskeluun?;
Kuinka järjestän tehokkaasti tauot opiskeluissani?;
Miten voin tehdä mindfulness-harjoituksia opintojen lomassa?;
Kuinka saan apua, jos en tunne koulun tukipalveluita riittävästi?;
Mitä tehdä, jos kohtaan konfliktin opiskelijayhteisössä?;
Miten voin hyödyntää ulkoilua ja liikuntaa opiskelustressin vähentämiseksi?;
Kuinka saada lisää motivaatiota päivittäiseen opiskeluun?;
Miten voin kehittää esiintymistaitojani rauhallisessa ympäristössä?;
Miten voin löytää harjoittelupaikan pienistä yrityksistä?;
Kuinka osallistua yritysvierailuihin osana opintojani?;
Mitä tehdä, jos harjoittelupaikka ei tarjoa opintojen kannalta olennaista kokemusta?;
Kuinka löytää osa-aikatyö, joka tukee myös opintojani?;
Voinko saada opettajilta suosituskirjeen työpaikkaa varten?;
Mitä tehdä, jos harjoittelussa ilmenee epäasiallista kohtelua?;
Kuinka osallistua työelämälähtöisiin projekteihin ilman opintosuoritusta?;
Miten voin hyödyntää harjoittelussa saatuja taitoja opintojeni aikana?;
Mitä tapahtuu, jos en ehdi suorittaa harjoittelua ajoissa?;
Kuinka selvittää oman alan palkkatasoa jo opiskeluaikana?;
Mitä tehdä, jos koulun tarjoamat sovellukset eivät toimi omalla laitteellani?;
Kuinka voin käyttää kampuksen VR-laitteita opiskelussa?;
Mitä tietoturvaohjeita opiskelijoiden tulisi noudattaa verkkotyöskentelyssä?;
Kuinka voin tallentaa koulun pilvipalvelut omalle kovalevylleni?;
Voinko hyödyntää kampuksen laboratoriolaitteistoja opintojeni ulkopuolella?;
Kuinka integroida erilaisia oppimissovelluksia opiskelutekniikoihini?;
Mitä tehdä, jos etäopetuksen verkkoyhteys katkeaa jatkuvasti?;
Miten voin käyttää koulun tietotekniikkakeskusta ilman ajanvarausta?;
Voinko ladata lisäohjelmia koulun tietokoneisiin projektien tekemiseksi?;
Miten voin käyttää tekoälytyökaluja opintojen tehostamiseen?;
Kuinka voin osallistua vaihto-opiskelun virtuaalikursseille?;
Mitä tehdä, jos vaihto-opiskelun kielitaitovaatimukset eivät täyty?;
Kuinka saada kontakteja kansainvälisiltä opiskelijoilta ennen vaihdon alkua?;
Miten valita oikea vaihtokohde uratavoitteideni tueksi?;
Kuinka voin hyödyntää vaihtoa ulkomaisen työnhaun tukena?;
Mitä tapahtuu, jos vaihto-opiskelun kurssit eivät vastaa kotimaan opintovaatimuksia?;
Kuinka voin suorittaa intensiivikurssin ulkomailla?;
Miten löydän tietoa ulkomaisten yliopistojen kesäkursseista?;
Mitä tehdä, jos vaihto-opiskelupaikan kanssa tulee sopimusongelmia?;
Voinko suorittaa ulkomaanopintoja ilman vaihto-ohjelmaa?;
Kuinka saan korvaavaa opetusta, jos kurssia ei järjestetä?;
Mitä tehdä, jos koen syrjintää opiskelijatovereideni taholta?;
Kuinka käsitellä epäselvää tenttitilannetta?;
Mitä tehdä, jos opinnoissa esiintyy jatkuvasti hallinnollisia ongelmia?;
Miten ratkaista ongelmia, jos koulun tekniset järjestelmät eivät toimi?;
Kuinka pyytää anteeksiannon kurssin laiminlyönnistä?;
Mitä tehdä, jos koen olevani väärinymmärretty opettajan taholta?;
Kuinka käsitellä kampuksen tilojen varaamiseen liittyviä ongelmia?;
Mitä tehdä, jos tuntuu, ettei opiskeluyhteisö tue riittävästi?;
Kuinka voin keskustella opintojeni tulevaisuudesta rehtorin tai dekaanin kanssa?;Alustavasti suosittelen konsultoimaan koulun alussa määrättyä opinto-ohjaajaa, jonka työtehtävät on auttaa opiskeloita eteenpäin.
Mitä tehdä, jos en saa opinnäytetyön ohjausta tarpeeksi ajoissa?;
Kuinka valmistautua julkiseen opinnäytetyön esittelyyn?;
Mitä tehdä, jos valmistumistodistus viivästyy?;
Kuinka voin parantaa työnhakutaitojani valmistumisen jälkeen?;Työnhakutaitoja voi kehittää monella tavalla. Yksin yleinen tapa on kysyä apua ammattiliitolta tai TE-Toimistosta.
Mitä tehdä, jos urasuunnitelmani muuttuvat valmistumisen kynnyksellä?;Opinto-ohjaaja on usein paremmin parehtynyt kuin internetistä löytyvä tieto. Suosittelen konsultoimaan opinto-ohjaajaa, sekä mahdollisesti silmäilemään kiinnostavia opintokohteita opintopolusta
Kuinka suunnitella itsenäinen jatko-opiskelu ilman korkeakoulua?;Vaihtoehtoja on monia esimerkiksi Udemyn kaltaiset maksulliset oppisivut. Lisätietoa suositteleman etsimään internetin vapaasta maailmasta.
Mitä vaihtoehtoja on valmistumisen jälkeiselle yrittäjyydelle?;
Kuinka valmistautua kansainväliseen työnhakuun?;
Mitä erikoistumismahdollisuuksia voin harkita valmistumisen jälkeen?;Valmistumisen jälkeen avautuu monia ovia jatkokouluttautumaaan esim. Maisteriksi. Lisätietoa ja hakemistavoista löytyy opintopolusta.
Kuinka saan yhteyden vanhoihin opiskelijakontakteihin alumniverkoston avulla?;Haaga-Heliassa on mahdollista saada ajankohtaisia alumneita koskevia asioita esim. Sähköpostien kautta. Lisätietoa löytyy Haaga-Helian nettisivuilta, missä voi myös päivittää omat ajankohtaiset yhteystiedot. https://www.haaga-helia.fi/fi/haaga-helia-alumni
